"","QTR","DATE","CREDIT_BUCKET","NEW_LOAN","CURR_LOANS","BAD_LOANS","total_volume","PD"
"1","2012-Q1",2012-01-01,"<640",0,1601,8,218959702.34,0.00499687695190506
"2","2012-Q1",2012-01-01,"<640",1,21307,67,1935226614.34,0.0031445065002112
"3","2012-Q1",2012-01-01,">820",0,659,0,99017092.15,0
"4","2012-Q1",2012-01-01,">820",1,37257,1,3144817650.04,2.6840593713933e-05
"5","2012-Q1",2012-01-01,"640-659",0,1669,4,230319857.76,0.00239664469742361
"6","2012-Q1",2012-01-01,"640-659",1,40752,104,3745155197.26,0.00255202198665096
"7","2012-Q1",2012-01-01,"660-679",0,3550,17,556607847.52,0.0047887323943662
"8","2012-Q1",2012-01-01,"660-679",1,80201,125,8063729619.91,0.00155858405755539
"9","2012-Q1",2012-01-01,"680-699",0,6242,15,1060428682.67,0.00240307593719962
"10","2012-Q1",2012-01-01,"680-699",1,145342,155,15895251233.57,0.0010664501658158
"11","2012-Q1",2012-01-01,"700-719",0,8892,20,1643763040.06,0.00224921277552856
"12","2012-Q1",2012-01-01,"700-719",1,217459,126,26179845663.46,0.000579419568746292
"13","2012-Q1",2012-01-01,"720-739",0,10805,12,2080685373.48,0.0011105969458584
"14","2012-Q1",2012-01-01,"720-739",1,278095,145,34432184334.7,0.000521404555997051
"15","2012-Q1",2012-01-01,"740-759",0,14168,10,2781851859.55,0.000705815923207228
"16","2012-Q1",2012-01-01,"740-759",1,391115,98,48512262819.83,0.000250565690397965
"17","2012-Q1",2012-01-01,"760-779",0,20310,8,4070341622.49,0.000393894633185623
"18","2012-Q1",2012-01-01,"760-779",1,624653,89,77862964933.71,0.000142479104398762
"19","2012-Q1",2012-01-01,"780-799",0,26778,11,5268836212.35,0.000410784972738815
"20","2012-Q1",2012-01-01,"780-799",1,954362,91,114086355530.18,9.53516590140848e-05
"21","2012-Q1",2012-01-01,"800-819",0,18522,2,3189588323.78,0.000107979699816435
"22","2012-Q1",2012-01-01,"800-819",1,778071,46,80110822266.57,5.91205686884616e-05
"23","2012-Q2",2012-04-01,"<640",0,3815,41,520800354.99,0.0107470511140236
"24","2012-Q2",2012-04-01,"<640",1,21250,72,1890962262.27,0.00338823529411765
"25","2012-Q2",2012-04-01,">820",0,2060,0,292105552.35,0
"26","2012-Q2",2012-04-01,">820",1,41206,2,3309779189.82,4.85366208804543e-05
"27","2012-Q2",2012-04-01,"640-659",0,4961,33,694107244.22,0.00665188470066519
"28","2012-Q2",2012-04-01,"640-659",1,41865,95,3827680215.69,0.00226919861459453
"29","2012-Q2",2012-04-01,"660-679",0,9766,45,1484702533.89,0.00460782305959451
"30","2012-Q2",2012-04-01,"660-679",1,83039,152,8194656024.46,0.00183046520309734
"31","2012-Q2",2012-04-01,"680-699",0,17349,43,2857954009.28,0.00247852902184564
"32","2012-Q2",2012-04-01,"680-699",1,149921,144,15966485784.09,0.000960505866422983
"33","2012-Q2",2012-04-01,"700-719",0,24807,37,4426328543.51,0.00149151449187729
"34","2012-Q2",2012-04-01,"700-719",1,224772,169,25886634715.09,0.000751873009093659
"35","2012-Q2",2012-04-01,"720-739",0,30446,43,5623108212.74,0.00141233659594035
"36","2012-Q2",2012-04-01,"720-739",1,289350,122,34157821136.2,0.00042163469846207
"37","2012-Q2",2012-04-01,"740-759",0,40744,42,7689196687.34,0.00103082662477911
"38","2012-Q2",2012-04-01,"740-759",1,407019,105,48042315880.69,0.000257973215009619
"39","2012-Q2",2012-04-01,"760-779",0,57671,37,10986197649.78,0.00064157028662586
"40","2012-Q2",2012-04-01,"760-779",1,651043,105,77859899189.28,0.000161279669699236
"41","2012-Q2",2012-04-01,"780-799",0,76538,33,14244352249.66,0.000431158378844496
"42","2012-Q2",2012-04-01,"780-799",1,999302,86,115613154948.09,8.60600699288103e-05
"43","2012-Q2",2012-04-01,"800-819",0,53152,18,8643889231.41,0.000338651414810355
"44","2012-Q2",2012-04-01,"800-819",1,831708,71,82901962767.56,8.53664988192972e-05
"45","2012-Q3",2012-07-01,"<640",0,5770,53,780008582.11,0.00918544194107452
"46","2012-Q3",2012-07-01,"<640",1,21529,82,1937395494.46,0.00380881601560686
"47","2012-Q3",2012-07-01,">820",0,3781,0,508217411.58,0
"48","2012-Q3",2012-07-01,">820",1,45598,1,3888276914.83,2.19307864380017e-05
"49","2012-Q3",2012-07-01,"640-659",0,8701,79,1186488327.82,0.00907941615906218
"50","2012-Q3",2012-07-01,"640-659",1,43281,114,3995903036.68,0.00263395023220351
"51","2012-Q3",2012-07-01,"660-679",0,16176,82,2400340319.74,0.00506923837784372
"52","2012-Q3",2012-07-01,"660-679",1,87108,158,8631141552.27,0.00181384029021445
"53","2012-Q3",2012-07-01,"680-699",0,28674,104,4553073564.47,0.00362697914486992
"54","2012-Q3",2012-07-01,"680-699",1,157164,141,16642668912.27,0.000897152019546461
"55","2012-Q3",2012-07-01,"700-719",0,41024,101,7072417958.71,0.00246197347893916
"56","2012-Q3",2012-07-01,"700-719",1,235599,168,26776800161.68,0.000713076031731883
"57","2012-Q3",2012-07-01,"720-739",0,50098,60,8952272878.96,0.00119765260090223
"58","2012-Q3",2012-07-01,"720-739",1,305317,143,35521318988.32,0.000468365665848937
"59","2012-Q3",2012-07-01,"740-759",0,66015,74,11970301273.73,0.00112095735817617
"60","2012-Q3",2012-07-01,"740-759",1,431925,138,50405211159.08,0.000319499913179371
"61","2012-Q3",2012-07-01,"760-779",0,93632,57,17102014559.35,0.000608766233766234
"62","2012-Q3",2012-07-01,"760-779",1,693731,113,82639780700.84,0.000162887343941672
"63","2012-Q3",2012-07-01,"780-799",0,125317,53,22395372898.84,0.000422927455971656
"64","2012-Q3",2012-07-01,"780-799",1,1072819,105,124883096496.65,9.7872986962386e-05
"65","2012-Q3",2012-07-01,"800-819",0,90703,20,14156213785.18,0.000220499873212573
"66","2012-Q3",2012-07-01,"800-819",1,901994,45,93103615426.55,4.98894671139719e-05
"67","2012-Q4",2012-10-01,"<640",0,7748,72,1037635243.96,0.00929272070211667
"68","2012-Q4",2012-10-01,"<640",1,21739,90,1958726268.72,0.00414002484014904
"69","2012-Q4",2012-10-01,">820",0,7946,1,1085584480.18,0.000125849484017116
"70","2012-Q4",2012-10-01,">820",1,47029,2,4107206815.4,4.25269514554849e-05
"71","2012-Q4",2012-10-01,"640-659",0,12386,97,1686903278.68,0.00783142257387373
"72","2012-Q4",2012-10-01,"640-659",1,44593,104,4027166003.65,0.0023322046061041
"73","2012-Q4",2012-10-01,"660-679",0,23834,111,3557360096.61,0.00465721238566753
"74","2012-Q4",2012-10-01,"660-679",1,89878,155,8633949612,0.00172455995905561
"75","2012-Q4",2012-10-01,"680-699",0,43168,138,6913757013.81,0.00319681245366938
"76","2012-Q4",2012-10-01,"680-699",1,160917,188,16442562944.92,0.00116830415680133
"77","2012-Q4",2012-10-01,"700-719",0,62802,168,10928003912.37,0.00267507404222795
"78","2012-Q4",2012-10-01,"700-719",1,240269,169,26190048169.21,0.000703378296825641
"79","2012-Q4",2012-10-01,"720-739",0,77712,121,14049096600.91,0.00155703108914968
"80","2012-Q4",2012-10-01,"720-739",1,311966,145,34856793315.28,0.000464794240397992
"81","2012-Q4",2012-10-01,"740-759",0,103413,115,18946456309.96,0.00111204587430981
"82","2012-Q4",2012-10-01,"740-759",1,444508,133,49865656545.69,0.000299207213368488
"83","2012-Q4",2012-10-01,"760-779",0,152299,95,28193758095.76,0.000623772972901989
"84","2012-Q4",2012-10-01,"760-779",1,712141,124,80746364626.73,0.000174122821182884
"85","2012-Q4",2012-10-01,"780-799",0,215326,83,39022748812.7,0.000385462043599008
"86","2012-Q4",2012-10-01,"780-799",1,1099526,119,122512500089.64,0.00010822845480689
"87","2012-Q4",2012-10-01,"800-819",0,170368,33,27242496495.33,0.000193698347107438
"88","2012-Q4",2012-10-01,"800-819",1,922925,62,93045574615.6,6.71777230002438e-05
"89","2013-Q1",2013-01-01,"<640",0,9657,68,1276506546.24,0.00704152428290359
"90","2013-Q1",2013-01-01,"<640",1,21957,71,1996357301.77,0.00323359293163911
"91","2013-Q1",2013-01-01,">820",0,13319,2,1808073796.4,0.000150161423530295
"92","2013-Q1",2013-01-01,">820",1,47030,1,4196086580.78,2.12630236019562e-05
"93","2013-Q1",2013-01-01,"640-659",0,16294,93,2221683320.57,0.00570762243770713
"94","2013-Q1",2013-01-01,"640-659",1,45802,106,4130026981.9,0.00231430941880267
"95","2013-Q1",2013-01-01,"660-679",0,32170,137,4806050048.71,0.00425862604911408
"96","2013-Q1",2013-01-01,"660-679",1,92198,116,8733131649.56,0.00125816178225124
"97","2013-Q1",2013-01-01,"680-699",0,59314,151,9483714551.51,0.00254577334187544
"98","2013-Q1",2013-01-01,"680-699",1,163002,157,16341237746.86,0.000963178365909621
"99","2013-Q1",2013-01-01,"700-719",0,88078,153,15300946602.97,0.00173709666432026
"100","2013-Q1",2013-01-01,"700-719",1,241690,127,25679202620.25,0.000525466506682113
"101","2013-Q1",2013-01-01,"720-739",0,109531,157,19756769257.28,0.00143338415608367
"102","2013-Q1",2013-01-01,"720-739",1,316419,120,34278400616.29,0.000379243977131588
"103","2013-Q1",2013-01-01,"740-759",0,147425,129,26911890566.56,0.000875021197218925
"104","2013-Q1",2013-01-01,"740-759",1,450994,82,49137309643.47,0.000181820600717526
"105","2013-Q1",2013-01-01,"760-779",0,223108,122,41180025740.42,0.000546820373989279
"106","2013-Q1",2013-01-01,"760-779",1,721525,82,78603954338.71,0.000113648175738886
"107","2013-Q1",2013-01-01,"780-799",0,322937,105,58445339201.92,0.000325140816939527
"108","2013-Q1",2013-01-01,"780-799",1,1114909,75,120360809791.31,6.72700641935799e-05
"109","2013-Q1",2013-01-01,"800-819",0,266071,49,42504183477.67,0.000184161370461268
"110","2013-Q1",2013-01-01,"800-819",1,928806,46,93267452113.06,4.95259505214221e-05
"111","2013-Q2",2013-04-01,"<640",0,11134,69,1446947052.43,0.00619723369858092
"112","2013-Q2",2013-04-01,"<640",1,22938,83,2106867245.02,0.00361844973406574
"113","2013-Q2",2013-04-01,">820",0,14638,3,1928115620.21,0.000204946030878535
"114","2013-Q2",2013-04-01,">820",1,50525,2,5201851323.92,3.95843641761504e-05
"115","2013-Q2",2013-04-01,"640-659",0,19254,110,2582933576.75,0.00571309857691908
"116","2013-Q2",2013-04-01,"640-659",1,48828,83,4443377572.24,0.00169984435160154
"117","2013-Q2",2013-04-01,"660-679",0,37376,164,5455819213,0.00438784246575342
"118","2013-Q2",2013-04-01,"660-679",1,98315,139,9559792251.8,0.00141382291613691
"119","2013-Q2",2013-04-01,"680-699",0,67767,162,10579784626,0.00239054407012263
"120","2013-Q2",2013-04-01,"680-699",1,174844,119,18193601611.45,0.000680606712269223
"121","2013-Q2",2013-04-01,"700-719",0,99459,178,16819255014.32,0.00178968218059703
"122","2013-Q2",2013-04-01,"700-719",1,260269,136,28921102830.56,0.000522536298982975
"123","2013-Q2",2013-04-01,"720-739",0,123255,165,21580313751.76,0.00133868808567604
"124","2013-Q2",2013-04-01,"720-739",1,341381,95,39319564607.34,0.000278281450930192
"125","2013-Q2",2013-04-01,"740-759",0,164334,143,29038498657.75,0.000870179025642898
"126","2013-Q2",2013-04-01,"740-759",1,486825,93,57638498373.77,0.000191033739023263
"127","2013-Q2",2013-04-01,"760-779",0,245889,117,43849968102.25,0.000475824457377109
"128","2013-Q2",2013-04-01,"760-779",1,775161,84,94556488716.61,0.000108364584905587
"129","2013-Q2",2013-04-01,"780-799",0,352526,100,61499613721,0.000283667020304885
"130","2013-Q2",2013-04-01,"780-799",1,1194265,57,148558136948,4.77281005471985e-05
"131","2013-Q2",2013-04-01,"800-819",0,289824,59,44691357940.46,0.000203571822899415
"132","2013-Q2",2013-04-01,"800-819",1,994997,32,115557644805.24,3.21609009876412e-05
"133","2013-Q3",2013-07-01,"<640",0,12638,114,1613358327.9,0.00902041462256686
"134","2013-Q3",2013-07-01,"<640",1,25104,77,2261087758.08,0.0030672402804334
"135","2013-Q3",2013-07-01,">820",0,15833,2,2039624643.15,0.000126318448809449
"136","2013-Q3",2013-07-01,">820",1,53308,1,6341510622.41,1.87589104824792e-05
"137","2013-Q3",2013-07-01,"640-659",0,21949,132,2904058783.36,0.00601394140963142
"138","2013-Q3",2013-07-01,"640-659",1,54669,114,4979047607.32,0.00208527684793942
"139","2013-Q3",2013-07-01,"660-679",0,42038,177,6016348796.56,0.00421047623578667
"140","2013-Q3",2013-07-01,"660-679",1,110041,144,11042172807.34,0.00130860315700512
"141","2013-Q3",2013-07-01,"680-699",0,75125,186,11476538694.93,0.00247587354409318
"142","2013-Q3",2013-07-01,"680-699",1,195456,152,21422743667.58,0.000777668631303209
"143","2013-Q3",2013-07-01,"700-719",0,108345,216,17943992205.76,0.00199363145507407
"144","2013-Q3",2013-07-01,"700-719",1,290052,137,34463932760.04,0.000472329099609725
"145","2013-Q3",2013-07-01,"720-739",0,133749,200,22925211257,0.00149533828290305
"146","2013-Q3",2013-07-01,"720-739",1,379142,151,47552485232.01,0.000398267667522986
"147","2013-Q3",2013-07-01,"740-759",0,177407,180,30731169169.6,0.00101461610872175
"148","2013-Q3",2013-07-01,"740-759",1,535881,98,70558198294.62,0.000182876422190748
"149","2013-Q3",2013-07-01,"760-779",0,264497,159,46175400437.22,0.000601141033735732
"150","2013-Q3",2013-07-01,"760-779",1,843913,74,117643895813.36,8.76867639199775e-05
"151","2013-Q3",2013-07-01,"780-799",0,378617,127,64644498725.06,0.000335431319776978
"152","2013-Q3",2013-07-01,"780-799",1,1289203,74,186350030636.34,5.73998043752613e-05
"153","2013-Q3",2013-07-01,"800-819",0,312190,63,47137563930.29,0.000201800185784298
"154","2013-Q3",2013-07-01,"800-819",1,1063200,36,143754048027.11,3.38600451467269e-05
"155","2013-Q4",2013-10-01,"<640",0,14403,135,1835359196.08,0.00937304728181629
"156","2013-Q4",2013-10-01,"<640",1,27334,80,2433422767.25,0.00292675788395405
"157","2013-Q4",2013-10-01,">820",0,18434,1,2376320486.81,5.42475859824238e-05
"158","2013-Q4",2013-10-01,">820",1,52129,5,6973662489.17,9.59159009380575e-05
"159","2013-Q4",2013-10-01,"640-659",0,25563,182,3358938451.41,0.00711966514102414
"160","2013-Q4",2013-10-01,"640-659",1,59357,136,5468941437.96,0.0022912209174992
"161","2013-Q4",2013-10-01,"660-679",0,48641,236,6916096495.72,0.00485187393351288
"162","2013-Q4",2013-10-01,"660-679",1,118000,150,12212836718.26,0.00127118644067797
"163","2013-Q4",2013-10-01,"680-699",0,86224,247,13117301352.6,0.00286463165707924
"164","2013-Q4",2013-10-01,"680-699",1,207022,177,23778888828.99,0.000854981596158862
"165","2013-Q4",2013-10-01,"700-719",0,123173,280,20289158818.02,0.00227322546337265
"166","2013-Q4",2013-10-01,"700-719",1,305143,146,38708963580.75,0.000478464195475564
"167","2013-Q4",2013-10-01,"720-739",0,152134,243,25975930364.09,0.00159727608555615
"168","2013-Q4",2013-10-01,"720-739",1,394913,139,53598483887.32,0.000351976258061902
"169","2013-Q4",2013-10-01,"740-759",0,202910,220,35094433146.22,0.00108422453304421
"170","2013-Q4",2013-10-01,"740-759",1,552711,107,79612442013.07,0.000193591225794312
"171","2013-Q4",2013-10-01,"760-779",0,303864,175,53051533986.53,0.000575915541163152
"172","2013-Q4",2013-10-01,"760-779",1,859854,109,132901219002.75,0.00012676570673626
"173","2013-Q4",2013-10-01,"780-799",0,438817,161,75143341282.96,0.000366895539598511
"174","2013-Q4",2013-10-01,"780-799",1,1298839,89,209449678364.24,6.85227345344573e-05
"175","2013-Q4",2013-10-01,"800-819",0,363421,68,55010368152.93,0.000187110816381002
"176","2013-Q4",2013-10-01,"800-819",1,1057236,56,159789577525.88,5.29683060357385e-05
"177","2014-Q1",2014-01-01,"<640",0,16464,119,2106093948.47,0.00722789115646259
"178","2014-Q1",2014-01-01,"<640",1,28447,69,2603016853.72,0.00242556332829472
"179","2014-Q1",2014-01-01,">820",0,23910,2,3177457590.64,8.36470096194061e-05
"180","2014-Q1",2014-01-01,">820",1,47141,3,7097097189.48,6.3638870622176e-05
"181","2014-Q1",2014-01-01,"640-659",0,29804,142,3943683240.06,0.00476446114615488
"182","2014-Q1",2014-01-01,"640-659",1,61118,100,6021630458.67,0.00163617919434536
"183","2014-Q1",2014-01-01,"660-679",0,57018,206,8153835120.66,0.00361289417376969
"184","2014-Q1",2014-01-01,"660-679",1,119866,118,13404221794.36,0.000984432616421671
"185","2014-Q1",2014-01-01,"680-699",0,101223,263,15507400678.92,0.00259822372385723
"186","2014-Q1",2014-01-01,"680-699",1,206776,132,26056290146.37,0.000638371958060897
"187","2014-Q1",2014-01-01,"700-719",0,145376,276,24061235415.91,0.00189852520360995
"188","2014-Q1",2014-01-01,"700-719",1,301027,130,42642568717.88,0.000431854949888216
"189","2014-Q1",2014-01-01,"720-739",0,181508,246,31159992728.34,0.00135531216254931
"190","2014-Q1",2014-01-01,"720-739",1,385299,118,58552265323.35,0.000306255661187805
"191","2014-Q1",2014-01-01,"740-759",0,245035,209,42717322080.03,0.000852939376007509
"192","2014-Q1",2014-01-01,"740-759",1,532947,100,86240503477.76,0.000187635918768658
"193","2014-Q1",2014-01-01,"760-779",0,372112,180,65802795226.84,0.00048372533000817
"194","2014-Q1",2014-01-01,"760-779",1,818853,89,141759449962.62,0.000108688616882395
"195","2014-Q1",2014-01-01,"780-799",0,549419,133,95908388386.7,0.000242073899883331
"196","2014-Q1",2014-01-01,"780-799",1,1220814,83,220084236983.64,6.79874247837918e-05
"197","2014-Q1",2014-01-01,"800-819",0,462930,83,71967007737.58,0.000179292765644914
"198","2014-Q1",2014-01-01,"800-819",1,978089,60,165504171999.04,6.13441108120018e-05
"199","2014-Q2",2014-04-01,"<640",0,18225,132,2343741209.28,0.00724279835390947
"200","2014-Q2",2014-04-01,"<640",1,30345,76,2954610852.56,0.00250453122425441
"201","2014-Q2",2014-04-01,">820",0,29385,8,4044206436.09,0.000272247745448358
"202","2014-Q2",2014-04-01,">820",1,42294,0,6564735294.72,0
"203","2014-Q2",2014-04-01,"640-659",0,33380,203,4434312233.39,0.0060814859197124
"204","2014-Q2",2014-04-01,"640-659",1,64456,126,6882542951.29,0.00195482189400521
"205","2014-Q2",2014-04-01,"660-679",0,64487,254,9266368252.24,0.00393877835842883
"206","2014-Q2",2014-04-01,"660-679",1,123539,172,14966411867.76,0.00139227288548556
"207","2014-Q2",2014-04-01,"680-699",0,114772,303,17700698731.79,0.00264001672881888
"208","2014-Q2",2014-04-01,"680-699",1,208320,170,28453864031.72,0.00081605222734255
"209","2014-Q2",2014-04-01,"700-719",0,166512,288,27773180114.78,0.00172960507350822
"210","2014-Q2",2014-04-01,"700-719",1,297774,154,45419034374.29,0.000517170740225809
"211","2014-Q2",2014-04-01,"720-739",0,210346,260,36494757540.95,0.00123605868426307
"212","2014-Q2",2014-04-01,"720-739",1,375785,146,61252169943.57,0.000388520031400934
"213","2014-Q2",2014-04-01,"740-759",0,288066,233,50915591877.78,0.000808842418056973
"214","2014-Q2",2014-04-01,"740-759",1,511778,109,88180822840.64,0.000212982973085987
"215","2014-Q2",2014-04-01,"760-779",0,441180,205,79208818328.64,0.000464662949363072
"216","2014-Q2",2014-04-01,"760-779",1,775414,94,141807816876.11,0.000121225564666101
"217","2014-Q2",2014-04-01,"780-799",0,659767,153,117477142242.37,0.000231900049562952
"218","2014-Q2",2014-04-01,"780-799",1,1141273,85,216115588544.87,7.44782361450766e-05
"219","2014-Q2",2014-04-01,"800-819",0,560181,87,89534996923.77,0.000155306945433708
"220","2014-Q2",2014-04-01,"800-819",1,902379,43,158641895511.54,4.76518181384983e-05
"221","2014-Q3",2014-07-01,"<640",0,20105,186,2592101891.96,0.00925142999253917
"222","2014-Q3",2014-07-01,"<640",1,33255,104,3151083743.84,0.00312734927078635
"223","2014-Q3",2014-07-01,">820",0,34691,6,4870559283.39,0.000172955521605027
"224","2014-Q3",2014-07-01,">820",1,37834,4,5716693965.98,0.000105725009250938
"225","2014-Q3",2014-07-01,"640-659",0,37487,226,5013358113.18,0.00602875663563369
"226","2014-Q3",2014-07-01,"640-659",1,69366,183,7271653256.66,0.00263818008822766
"227","2014-Q3",2014-07-01,"660-679",0,73199,294,10589226799.78,0.00401644831213541
"228","2014-Q3",2014-07-01,"660-679",1,129279,162,15372696946.65,0.00125310375234957
"229","2014-Q3",2014-07-01,"680-699",0,130576,371,20296873833.28,0.00284125719887269
"230","2014-Q3",2014-07-01,"680-699",1,211954,173,28495653357.43,0.000816214839068855
"231","2014-Q3",2014-07-01,"700-719",0,190311,326,31990056630.06,0.00171298558675011
"232","2014-Q3",2014-07-01,"700-719",1,297649,182,44545711184.41,0.000611458462820302
"233","2014-Q3",2014-07-01,"720-739",0,241922,321,42345093593.55,0.00132687395110821
"234","2014-Q3",2014-07-01,"720-739",1,370009,147,59117598227.82,0.000397287633544049
"235","2014-Q3",2014-07-01,"740-759",0,332919,270,59427151176.77,0.000811008083047228
"236","2014-Q3",2014-07-01,"740-759",1,495558,120,83919544825.06,0.000242151271899556
"237","2014-Q3",2014-07-01,"760-779",0,511896,267,93065395523.12,0.000521590323034366
"238","2014-Q3",2014-07-01,"760-779",1,739875,100,132844767031.59,0.000135157965872614
"239","2014-Q3",2014-07-01,"780-799",0,771187,166,139687976291.1,0.000215252591135483
"240","2014-Q3",2014-07-01,"780-799",1,1073185,77,199125821508.86,7.17490460638194e-05
"241","2014-Q3",2014-07-01,"800-819",0,659768,99,107554297450.64,0.00015005274581368
"242","2014-Q3",2014-07-01,"800-819",1,834525,35,142890825242.49,4.19400257631587e-05
"243","2014-Q4",2014-10-01,"<640",0,22012,192,2864142607.82,0.00872251499182264
"244","2014-Q4",2014-10-01,"<640",1,36479,123,3261301854.82,0.00337180295512487
"245","2014-Q4",2014-10-01,">820",0,41448,8,5991768002.95,0.000193012931866435
"246","2014-Q4",2014-10-01,">820",1,32168,2,4517059635.14,6.21735886595374e-05
"247","2014-Q4",2014-10-01,"640-659",0,42028,294,5679779540.61,0.00699533644237175
"248","2014-Q4",2014-10-01,"640-659",1,74157,173,7346113404.49,0.00233288833151287
"249","2014-Q4",2014-10-01,"660-679",0,83017,375,12143276859.46,0.00451714709035499
"250","2014-Q4",2014-10-01,"660-679",1,134231,249,15103656704.74,0.00185501113751667
"251","2014-Q4",2014-10-01,"680-699",0,148504,425,23428100390.42,0.00286187577438992
"252","2014-Q4",2014-10-01,"680-699",1,213682,243,27081271719.04,0.00113720388240469
"253","2014-Q4",2014-10-01,"700-719",0,218317,413,37218336372.66,0.00189174457325815
"254","2014-Q4",2014-10-01,"700-719",1,293418,180,41271916317.87,0.000613459296975646
"255","2014-Q4",2014-10-01,"720-739",0,279693,357,49816059631.87,0.00127639948085937
"256","2014-Q4",2014-10-01,"720-739",1,357888,179,53434520682.78,0.000500156473533619
"257","2014-Q4",2014-10-01,"740-759",0,389795,307,71087459643.34,0.000787593478623379
"258","2014-Q4",2014-10-01,"740-759",1,467598,132,73739242523.43,0.00028229376515725
"259","2014-Q4",2014-10-01,"760-779",0,607786,259,113590870645.35,0.000426136831055668
"260","2014-Q4",2014-10-01,"760-779",1,678073,101,113249157772.71,0.000148951514070019
"261","2014-Q4",2014-10-01,"780-799",0,927979,243,173513680724.28,0.000261859373972902
"262","2014-Q4",2014-10-01,"780-799",1,956808,73,165052503429.29,7.62953487010978e-05
"263","2014-Q4",2014-10-01,"800-819",0,791631,133,133212895351.56,0.000168007569183117
"264","2014-Q4",2014-10-01,"800-819",1,733870,46,116433544711.21,6.26814013381116e-05
"265","2015-Q1",2015-01-01,"<640",0,23911,144,3141037421.77,0.00602233281753168
"266","2015-Q1",2015-01-01,"<640",1,38895,77,3515696867.39,0.00197968890602905
"267","2015-Q1",2015-01-01,">820",0,47879,5,7037513599.68,0.000104429917082646
"268","2015-Q1",2015-01-01,">820",1,26677,0,3383351250.84,0
"269","2015-Q1",2015-01-01,"640-659",0,46705,210,6390958178.04,0.00449630660528851
"270","2015-Q1",2015-01-01,"640-659",1,77380,141,7648689958.81,0.00182217627293874
"271","2015-Q1",2015-01-01,"660-679",0,93311,282,13847447004.62,0.00302215172916376
"272","2015-Q1",2015-01-01,"660-679",1,135876,189,14934462923.46,0.00139097412346551
"273","2015-Q1",2015-01-01,"680-699",0,167150,340,26713848281.82,0.00203410110679031
"274","2015-Q1",2015-01-01,"680-699",1,211805,190,25742247216.65,0.000897051533249923
"275","2015-Q1",2015-01-01,"700-719",0,247466,324,42741408892.38,0.00130927076850961
"276","2015-Q1",2015-01-01,"700-719",1,282660,145,37531064292.32,0.00051298379678766
"277","2015-Q1",2015-01-01,"720-739",0,319287,326,57747594801.37,0.0010210249712641
"278","2015-Q1",2015-01-01,"720-739",1,339112,119,46926696979.09,0.000350916511359079
"279","2015-Q1",2015-01-01,"740-759",0,448536,274,83341639906.52,0.000610876273030481
"280","2015-Q1",2015-01-01,"740-759",1,430926,105,62057634117.12,0.000243661324682196
"281","2015-Q1",2015-01-01,"760-779",0,707445,248,135141159685.9,0.00035055728713893
"282","2015-Q1",2015-01-01,"760-779",1,602925,70,90819982982.3,0.000116100675871792
"283","2015-Q1",2015-01-01,"780-799",0,1087906,183,208410025059.39,0.000168213062525623
"284","2015-Q1",2015-01-01,"780-799",1,823661,71,127344645279.98,8.62005121038874e-05
"285","2015-Q1",2015-01-01,"800-819",0,924678,107,159536512988.1,0.000115715957338663
"286","2015-Q1",2015-01-01,"800-819",1,622301,42,88625429307.09,6.74914550997026e-05
"287","2015-Q2",2015-04-01,"<640",0,25637,168,3383033529.96,0.00655302882552561
"288","2015-Q2",2015-04-01,"<640",1,41674,103,3991508684.22,0.0024715650045592
"289","2015-Q2",2015-04-01,">820",0,52527,9,7777297889.03,0.000171340453481067
"290","2015-Q2",2015-04-01,">820",1,23818,2,2582063776.73,8.39701066420354e-05
"291","2015-Q2",2015-04-01,"640-659",0,51012,239,7047584660.81,0.00468517211636478
"292","2015-Q2",2015-04-01,"640-659",1,81070,174,8324133491.13,0.00214629332675466
"293","2015-Q2",2015-04-01,"660-679",0,101973,329,15256475609.18,0.00322634422837418
"294","2015-Q2",2015-04-01,"660-679",1,139820,187,15576390292.68,0.00133743384351309
"295","2015-Q2",2015-04-01,"680-699",0,182616,413,29442213073.09,0.00226157620361852
"296","2015-Q2",2015-04-01,"680-699",1,213723,217,25596104485.97,0.00101533293094332
"297","2015-Q2",2015-04-01,"700-719",0,270880,380,47217847742.96,0.00140283520378027
"298","2015-Q2",2015-04-01,"700-719",1,280761,155,35935697706.91,0.000552070978519096
"299","2015-Q2",2015-04-01,"720-739",0,351058,314,64008798929.6,0.000894439095534071
"300","2015-Q2",2015-04-01,"720-739",1,332730,132,43452162100.93,0.000396718059688035
"301","2015-Q2",2015-04-01,"740-759",0,494530,275,92756410737.76,0.000556083554081653
"302","2015-Q2",2015-04-01,"740-759",1,415211,106,55117163473.81,0.000255291887739005
"303","2015-Q2",2015-04-01,"760-779",0,781678,254,150635581295.61,0.000324941983783604
"304","2015-Q2",2015-04-01,"760-779",1,565421,79,76887121287.41,0.000139718899722508
"305","2015-Q2",2015-04-01,"780-799",0,1201691,197,232077728054.8,0.000163935654007561
"306","2015-Q2",2015-04-01,"780-799",1,756611,59,104220070130.1,7.79793050854402e-05
"307","2015-Q2",2015-04-01,"800-819",0,1014844,142,176576508534.97,0.000139922983236832
"308","2015-Q2",2015-04-01,"800-819",1,572151,41,71908091393.03,7.16594045977373e-05
"309","2015-Q3",2015-07-01,"<640",0,28042,205,3729664768.09,0.0073104628771129
"310","2015-Q3",2015-07-01,"<640",1,44858,155,4410102052.48,0.00345534798698114
"311","2015-Q3",2015-07-01,">820",0,57138,9,8483054916.72,0.000157513388638034
"312","2015-Q3",2015-07-01,">820",1,20615,4,1914230097.89,0.000194033470773708
"313","2015-Q3",2015-07-01,"640-659",0,56795,324,7936217163.67,0.00570472752883176
"314","2015-Q3",2015-07-01,"640-659",1,85455,247,8803886644.04,0.00289041015739278
"315","2015-Q3",2015-07-01,"660-679",0,113497,424,17154558015,0.00373578156250826
"316","2015-Q3",2015-07-01,"660-679",1,143617,249,15804197925.32,0.00173377803463378
"317","2015-Q3",2015-07-01,"680-699",0,203030,486,33084911739.69,0.00239373491602226
"318","2015-Q3",2015-07-01,"680-699",1,216011,252,25057501906.13,0.00116660725611196
"319","2015-Q3",2015-07-01,"700-719",0,301520,467,53071259717.76,0.00154881931546829
"320","2015-Q3",2015-07-01,"700-719",1,277321,213,33598452070.94,0.000768063002801807
"321","2015-Q3",2015-07-01,"720-739",0,390405,380,71765797247.18,0.000973348189700439
"322","2015-Q3",2015-07-01,"720-739",1,324909,160,39550517111.95,0.000492445577069272
"323","2015-Q3",2015-07-01,"740-759",0,548413,378,103542851281.11,0.00068926156017454
"324","2015-Q3",2015-07-01,"740-759",1,397184,134,48421938262.7,0.00033737512085079
"325","2015-Q3",2015-07-01,"760-779",0,862631,337,167098716278.64,0.000390665301849806
"326","2015-Q3",2015-07-01,"760-779",1,528462,106,64933615182.34,0.000200582066449433
"327","2015-Q3",2015-07-01,"780-799",0,1320289,272,256195327152.34,0.000206015501151642
"328","2015-Q3",2015-07-01,"780-799",1,694452,80,84878975280.27,0.000115198746637637
"329","2015-Q3",2015-07-01,"800-819",0,1111653,140,194385148696.9,0.000125938579754654
"330","2015-Q3",2015-07-01,"800-819",1,519137,47,57152100090.55,9.05348684451311e-05
"331","2015-Q4",2015-10-01,"<640",0,30936,244,4134499221.48,0.00788725109904319
"332","2015-Q4",2015-10-01,"<640",1,47285,183,4692618710.96,0.00387014909590779
"333","2015-Q4",2015-10-01,">820",0,59076,15,8678931227.92,0.000253910217347146
"334","2015-Q4",2015-10-01,">820",1,19748,4,2005476195.81,0.000202552157180474
"335","2015-Q4",2015-10-01,"640-659",0,63128,374,8833558588.5,0.00592447091623368
"336","2015-Q4",2015-10-01,"640-659",1,87752,255,9213851520.77,0.00290591667426383
"337","2015-Q4",2015-10-01,"660-679",0,125373,512,18944636188.48,0.00408381389932442
"338","2015-Q4",2015-10-01,"660-679",1,144411,313,16251993567.53,0.00216742491915436
"339","2015-Q4",2015-10-01,"680-699",0,222300,562,36118946342.4,0.00252811515969411
"340","2015-Q4",2015-10-01,"680-699",1,216513,301,25578762552.75,0.00139021675372841
"341","2015-Q4",2015-10-01,"700-719",0,327029,596,57218562179.15,0.00182246834378603
"342","2015-Q4",2015-10-01,"700-719",1,275505,229,34112109155.4,0.000831200885646358
"343","2015-Q4",2015-10-01,"720-739",0,421441,516,76908549682.71,0.00122437067110224
"344","2015-Q4",2015-10-01,"720-739",1,320883,200,40381398661.42,0.000623280136373694
"345","2015-Q4",2015-10-01,"740-759",0,587224,452,109873276841.98,0.000769723308311649
"346","2015-Q4",2015-10-01,"740-759",1,389005,146,49485260419.45,0.000375316512641226
"347","2015-Q4",2015-10-01,"760-779",0,913940,404,175219072282.39,0.000442042147186905
"348","2015-Q4",2015-10-01,"760-779",1,512673,106,66569302709.93,0.0002067594743628
"349","2015-Q4",2015-10-01,"780-799",0,1387415,321,266420391572.28,0.000231365525095231
"350","2015-Q4",2015-10-01,"780-799",1,672523,90,87118148652.63,0.000133824419387887
"351","2015-Q4",2015-10-01,"800-819",0,1159116,173,200551372839.66,0.00014925167110108
"352","2015-Q4",2015-10-01,"800-819",1,504969,57,59461879057.26,0.000112878216286544
"353","2016-Q1",2016-01-01,"<640",0,33347,185,4449872470.69,0.00554772543257265
"354","2016-Q1",2016-01-01,"<640",1,49063,149,5146821170.53,0.00303691172574037
"355","2016-Q1",2016-01-01,">820",0,59193,6,8596918795.05,0.00010136333688105
"356","2016-Q1",2016-01-01,">820",1,20120,1,2358888862.61,4.97017892644135e-05
"357","2016-Q1",2016-01-01,"640-659",0,67918,299,9482146087.27,0.00440236756088224
"358","2016-Q1",2016-01-01,"640-659",1,89849,221,9979970786.27,0.00245968235595277
"359","2016-Q1",2016-01-01,"660-679",0,133332,387,20067972838.62,0.00290252902529025
"360","2016-Q1",2016-01-01,"660-679",1,146552,266,17469203630.81,0.00181505540695453
"361","2016-Q1",2016-01-01,"680-699",0,233027,473,37614535155.4,0.00202980770468658
"362","2016-Q1",2016-01-01,"680-699",1,220487,234,27422840148.16,0.00106128706000807
"363","2016-Q1",2016-01-01,"700-719",0,340103,436,58980763548.26,0.00128196458131801
"364","2016-Q1",2016-01-01,"700-719",1,280167,204,36635542270.37,0.000728137146773175
"365","2016-Q1",2016-01-01,"720-739",0,435575,386,78688596470.12,0.000886184927968777
"366","2016-Q1",2016-01-01,"720-739",1,325787,127,43758096718.11,0.000389825253923576
"367","2016-Q1",2016-01-01,"740-759",0,603514,395,111679057446.74,0.000654500144155728
"368","2016-Q1",2016-01-01,"740-759",1,392974,115,53771300675.72,0.000292640225561996
"369","2016-Q1",2016-01-01,"760-779",0,931711,322,176460980724.87,0.000345600728122776
"370","2016-Q1",2016-01-01,"760-779",1,516945,80,72598110831.4,0.000154755341477333
"371","2016-Q1",2016-01-01,"780-799",0,1407234,231,266932758622.95,0.000164151804177557
"372","2016-Q1",2016-01-01,"780-799",1,677368,71,95987703171.31,0.000104817469972009
"373","2016-Q1",2016-01-01,"800-819",0,1171139,155,200190417438.73,0.000132349789393061
"374","2016-Q1",2016-01-01,"800-819",1,511744,46,67308464907.75,8.98886943471736e-05
"375","2016-Q2",2016-04-01,"<640",0,35094,242,4654907696.76,0.00689576565794723
"376","2016-Q2",2016-04-01,"<640",1,51498,196,5813274862.25,0.00380597304749699
"377","2016-Q2",2016-04-01,">820",0,58509,6,8375849234.13,0.00010254832589858
"378","2016-Q2",2016-04-01,">820",1,22024,3,2579335940.24,0.000136215038140211
"379","2016-Q2",2016-04-01,"640-659",0,70984,402,9842382410.8,0.00566324805589992
"380","2016-Q2",2016-04-01,"640-659",1,93998,253,11130550843.1,0.00269154662865167
"381","2016-Q2",2016-04-01,"660-679",0,137614,531,20527827660.13,0.00385861903585391
"382","2016-Q2",2016-04-01,"660-679",1,153193,300,19094354791.54,0.00195831402218117
"383","2016-Q2",2016-04-01,"680-699",0,237535,525,37921776464.75,0.00221020060201654
"384","2016-Q2",2016-04-01,"680-699",1,233988,257,30337226902.92,0.00109834692377387
"385","2016-Q2",2016-04-01,"700-719",0,343625,538,58845995101.83,0.0015656602400873
"386","2016-Q2",2016-04-01,"700-719",1,299558,210,40212166899.08,0.000701032855073141
"387","2016-Q2",2016-04-01,"720-739",0,437742,441,78048613554.95,0.00100744274024425
"388","2016-Q2",2016-04-01,"720-739",1,349835,157,48202952634.59,0.000448782997698915
"389","2016-Q2",2016-04-01,"740-759",0,602421,412,109899173097.43,0.000683907101512065
"390","2016-Q2",2016-04-01,"740-759",1,421211,123,58909562105.42,0.000292015165795765
"391","2016-Q2",2016-04-01,"760-779",0,925597,358,172805109556.43,0.000386777398803151
"392","2016-Q2",2016-04-01,"760-779",1,553966,90,79096581387.42,0.000162464844412834
"393","2016-Q2",2016-04-01,"780-799",0,1394086,302,260568416927.53,0.000216629390152401
"394","2016-Q2",2016-04-01,"780-799",1,727675,71,104892867765.54,9.75710310234651e-05
"395","2016-Q2",2016-04-01,"800-819",0,1159356,175,195282735009.41,0.000150945869948489
"396","2016-Q2",2016-04-01,"800-819",1,556273,38,73947684279.64,6.83117821645128e-05
"397","2016-Q3",2016-07-01,"<640",0,37583,286,5003350260.45,0.00760982359045313
"398","2016-Q3",2016-07-01,"<640",1,53660,195,5967413958.65,0.00363399180022363
"399","2016-Q3",2016-07-01,">820",0,58104,8,8191440603.64,0.000137684152554041
"400","2016-Q3",2016-07-01,">820",1,24340,2,2600791072.9,8.21692686935086e-05
"401","2016-Q3",2016-07-01,"640-659",0,75440,480,10458565181.15,0.0063626723223754
"402","2016-Q3",2016-07-01,"640-659",1,97248,339,11234200914.9,0.00348593287265548
"403","2016-Q3",2016-07-01,"660-679",0,143979,644,21374122291.84,0.00447287451642253
"404","2016-Q3",2016-07-01,"660-679",1,158185,381,19034991447.52,0.00240857224136296
"405","2016-Q3",2016-07-01,"680-699",0,244542,683,38737832067.27,0.00279297625765717
"406","2016-Q3",2016-07-01,"680-699",1,245232,345,30410685969.02,0.0014068310824036
"407","2016-Q3",2016-07-01,"700-719",0,349539,629,59180456411.1,0.00179951307293321
"408","2016-Q3",2016-07-01,"700-719",1,316999,244,40318274164.13,0.000769718516462197
"409","2016-Q3",2016-07-01,"720-739",0,442551,549,77882047414.68,0.00124053498918769
"410","2016-Q3",2016-07-01,"720-739",1,371826,180,48147359544.69,0.00048409740039696
"411","2016-Q3",2016-07-01,"740-759",0,603920,487,108585998490.13,0.000806398198436879
"412","2016-Q3",2016-07-01,"740-759",1,448772,131,58748084225.87,0.000291907694775966
"413","2016-Q3",2016-07-01,"760-779",0,920672,411,169166149493.39,0.000446413054812137
"414","2016-Q3",2016-07-01,"760-779",1,592448,141,78248808146.22,0.000237995570919304
"415","2016-Q3",2016-07-01,"780-799",0,1381220,309,253872729222.07,0.000223715266213927
"416","2016-Q3",2016-07-01,"780-799",1,783727,80,103612019211.69,0.000102076360773586
"417","2016-Q3",2016-07-01,"800-819",0,1151852,161,190777554646.91,0.000139774901636669
"418","2016-Q3",2016-07-01,"800-819",1,608303,40,73406442609.24,6.57567034849409e-05
"419","2016-Q4",2016-10-01,"<640",0,40645,338,5450795250.99,0.00831590601550006
"420","2016-Q4",2016-10-01,"<640",1,55220,263,6080494888.12,0.00476276711336472
"421","2016-Q4",2016-10-01,">820",0,58214,9,8118822240.63,0.000154601985776617
"422","2016-Q4",2016-10-01,">820",1,27473,3,2682801464.69,0.000109198121792305
"423","2016-Q4",2016-10-01,"640-659",0,81054,545,11306899467.06,0.00672391245342611
"424","2016-Q4",2016-10-01,"640-659",1,99804,365,11308255474.2,0.00365716804937678
"425","2016-Q4",2016-10-01,"660-679",0,152202,728,22595453808.01,0.00478311717323031
"426","2016-Q4",2016-10-01,"660-679",1,163485,398,19170465478.03,0.00243447411077469
"427","2016-Q4",2016-10-01,"680-699",0,254050,829,40109871365.61,0.00326313717772092
"428","2016-Q4",2016-10-01,"680-699",1,258594,347,31303874084.18,0.00134187181450459
"429","2016-Q4",2016-10-01,"700-719",0,360440,738,60646888898.42,0.00204749750305183
"430","2016-Q4",2016-10-01,"700-719",1,338581,278,41673547366.11,0.000821073834621553
"431","2016-Q4",2016-10-01,"720-739",0,453624,660,79167684951.1,0.00145494947357283
"432","2016-Q4",2016-10-01,"720-739",1,399018,205,49738303161.82,0.000513761283952102
"433","2016-Q4",2016-10-01,"740-759",0,614166,596,109388300337.55,0.000970421677526923
"434","2016-Q4",2016-10-01,"740-759",1,484527,185,60768395450.19,0.000381815667651132
"435","2016-Q4",2016-10-01,"760-779",0,930061,476,168959529170.05,0.000511794387679948
"436","2016-Q4",2016-10-01,"760-779",1,643355,132,80967511211.23,0.000205174437130356
"437","2016-Q4",2016-10-01,"780-799",0,1389889,409,252523203850.41,0.000294268103424086
"438","2016-Q4",2016-10-01,"780-799",1,858715,100,106896368056.21,0.000116453072323181
"439","2016-Q4",2016-10-01,"800-819",0,1158909,214,189845673012.79,0.000184656431177944
"440","2016-Q4",2016-10-01,"800-819",1,675752,52,75936276850.09,7.69513075802957e-05
"441","2017-Q1",2017-01-01,"<640",0,44136,293,5999314616.31,0.00663857168751133
"442","2017-Q1",2017-01-01,"<640",1,56386,196,6354823962.36,0.00347604015181073
"443","2017-Q1",2017-01-01,">820",0,58790,11,8150076260.14,0.000187106650790951
"444","2017-Q1",2017-01-01,">820",1,28146,2,2991084443.91,7.10580544304697e-05
"445","2017-Q1",2017-01-01,"640-659",0,87266,429,12284818963.75,0.00491600394197053
"446","2017-Q1",2017-01-01,"640-659",1,102362,294,11828449454.04,0.00287215959047303
"447","2017-Q1",2017-01-01,"660-679",0,161945,631,24173007257.08,0.00389638457501003
"448","2017-Q1",2017-01-01,"660-679",1,167198,314,20257347854.9,0.00187801289489109
"449","2017-Q1",2017-01-01,"680-699",0,267525,663,42418689653.53,0.00247827305859266
"450","2017-Q1",2017-01-01,"680-699",1,267032,279,33800385208.77,0.00104481859852003
"451","2017-Q1",2017-01-01,"700-719",0,376103,613,63356550471.86,0.0016298726678596
"452","2017-Q1",2017-01-01,"700-719",1,351691,187,45644590135.67,0.000531716762726371
"453","2017-Q1",2017-01-01,"720-739",0,471124,513,82172655109,0.0010888853040813
"454","2017-Q1",2017-01-01,"720-739",1,413398,146,54707257662.08,0.000353170552349068
"455","2017-Q1",2017-01-01,"740-759",0,634323,462,112719853619.62,0.000728335564058059
"456","2017-Q1",2017-01-01,"740-759",1,499993,111,66644130841.95,0.000222003108043513
"457","2017-Q1",2017-01-01,"760-779",0,953834,377,172588485361.13,0.000395246971695284
"458","2017-Q1",2017-01-01,"760-779",1,661698,100,89343188882.85,0.000151126344646651
"459","2017-Q1",2017-01-01,"780-799",0,1418973,309,256585593122.06,0.000217763128685324
"460","2017-Q1",2017-01-01,"780-799",1,880907,78,118448970998.78,8.85451018098392e-05
"461","2017-Q1",2017-01-01,"800-819",0,1179997,181,192459335054.4,0.000153390220483611
"462","2017-Q1",2017-01-01,"800-819",1,692307,45,85248305107.62,6.5000065000065e-05
"463","2017-Q2",2017-04-01,"<640",0,46780,376,6423609912.35,0.00803762291577597
"464","2017-Q2",2017-04-01,"<640",1,58631,194,6794840230.74,0.00330882979993519
"465","2017-Q2",2017-04-01,">820",0,59913,13,8329232199.09,0.000216981289536495
"466","2017-Q2",2017-04-01,">820",1,27430,3,3482377836.61,0.0001093693036821
"467","2017-Q2",2017-04-01,"640-659",0,92271,500,13123386441.87,0.0054188206478742
"468","2017-Q2",2017-04-01,"640-659",1,106232,245,12590981569.5,0.00230627306273063
"469","2017-Q2",2017-04-01,"660-679",0,169923,661,25541983820.89,0.0038899972340413
"470","2017-Q2",2017-04-01,"660-679",1,171725,322,21550099223.35,0.00187509098849905
"471","2017-Q2",2017-04-01,"680-699",0,278869,751,44521355377.25,0.00269302073733545
"472","2017-Q2",2017-04-01,"680-699",1,274665,316,36854602326.37,0.00115049241803652
"473","2017-Q2",2017-04-01,"700-719",0,390222,661,66155776505.03,0.0016939075705624
"474","2017-Q2",2017-04-01,"700-719",1,363008,240,50528864005.2,0.00066114245416079
"475","2017-Q2",2017-04-01,"720-739",0,488631,551,85748096651.52,0.00112764028479568
"476","2017-Q2",2017-04-01,"720-739",1,423135,168,60704547602.81,0.000397036406820518
"477","2017-Q2",2017-04-01,"740-759",0,655542,507,117071609372.85,0.000773405822967865
"478","2017-Q2",2017-04-01,"740-759",1,506348,140,74355328475.45,0.000276489686934677
"479","2017-Q2",2017-04-01,"760-779",0,982164,417,178448979523.55,0.00042457267828998
"480","2017-Q2",2017-04-01,"760-779",1,664694,95,100336765254.11,0.000142922908887398
"481","2017-Q2",2017-04-01,"780-799",0,1456058,322,264019546727.88,0.000221145036804853
"482","2017-Q2",2017-04-01,"780-799",1,878885,78,134800541619.37,8.87488124157313e-05
"483","2017-Q2",2017-04-01,"800-819",0,1207555,189,197458142109.22,0.000156514610100575
"484","2017-Q2",2017-04-01,"800-819",1,689586,54,99249175854.42,7.83078542777841e-05
"485","2017-Q3",2017-07-01,"<640",0,50256,443,6996229553.78,0.00881486787647246
"486","2017-Q3",2017-07-01,"<640",1,60794,298,7015020765.67,0.00490179951968944
"487","2017-Q3",2017-07-01,">820",0,61460,14,8563035990.74,0.000227790432801822
"488","2017-Q3",2017-07-01,">820",1,26625,1,3745157447.92,3.75586854460094e-05
"489","2017-Q3",2017-07-01,"640-659",0,98751,710,14223131449.59,0.00718980060961408
"490","2017-Q3",2017-07-01,"640-659",1,109333,421,12975591077.96,0.00385062149579724
"491","2017-Q3",2017-07-01,"660-679",0,180241,929,27348100879.43,0.00515421019634822
"492","2017-Q3",2017-07-01,"660-679",1,175290,448,22304837885.83,0.00255576473272862
"493","2017-Q3",2017-07-01,"680-699",0,294000,1027,47296399727.21,0.00349319727891156
"494","2017-Q3",2017-07-01,"680-699",1,280766,426,38712091812.25,0.00151727773305885
"495","2017-Q3",2017-07-01,"700-719",0,409384,879,69793979812.1,0.00214712836847556
"496","2017-Q3",2017-07-01,"700-719",1,371712,298,53707028167.41,0.000801695936639118
"497","2017-Q3",2017-07-01,"720-739",0,512186,712,90317000143.45,0.0013901199954704
"498","2017-Q3",2017-07-01,"720-739",1,430907,212,64224172646.34,0.000491985509634329
"499","2017-Q3",2017-07-01,"740-759",0,683869,635,122536634703.05,0.000928540407592682
"500","2017-Q3",2017-07-01,"740-759",1,511584,170,78612246154.24,0.000332301244761369
"501","2017-Q3",2017-07-01,"760-779",0,1018714,497,185437293086.41,0.000487870000804936
"502","2017-Q3",2017-07-01,"760-779",1,666867,131,106011649360.32,0.000196440969488669
"503","2017-Q3",2017-07-01,"780-799",0,1505507,358,273324551699.31,0.000237793646924259
"504","2017-Q3",2017-07-01,"780-799",1,874773,88,143034837989.68,0.000100597526444003
"505","2017-Q3",2017-07-01,"800-819",0,1248382,214,204585011788.53,0.000171421888492465
"506","2017-Q3",2017-07-01,"800-819",1,682390,53,105742692007.51,7.76681956066179e-05
"507","2017-Q4",2017-10-01,"<640",0,54010,959,7619154141.5,0.0177559711164599
"508","2017-Q4",2017-10-01,"<640",1,63656,874,6974645819.06,0.0137300490134473
"509","2017-Q4",2017-10-01,">820",0,62266,23,8651681935.48,0.000369382969839078
"510","2017-Q4",2017-10-01,">820",1,26539,5,3709379616.01,0.000188401974452692
"511","2017-Q4",2017-10-01,"640-659",0,105635,1543,15354045685.71,0.0146069011217873
"512","2017-Q4",2017-10-01,"640-659",1,113078,1338,12946087843.17,0.0118325403703638
"513","2017-Q4",2017-10-01,"660-679",0,190428,2096,29100455026.57,0.0110067847165333
"514","2017-Q4",2017-10-01,"660-679",1,180538,1506,22249339558.13,0.00834173415015121
"515","2017-Q4",2017-10-01,"680-699",0,309524,2390,50088318602.56,0.00772153370982541
"516","2017-Q4",2017-10-01,"680-699",1,288418,1783,38882402660.51,0.00618199973649356
"517","2017-Q4",2017-10-01,"700-719",0,428015,2303,73172199155.23,0.00538065254722381
"518","2017-Q4",2017-10-01,"700-719",1,383083,1657,54450381941.21,0.00432543339171929
"519","2017-Q4",2017-10-01,"720-739",0,533952,2070,94196426377.65,0.00387675296655879
"520","2017-Q4",2017-10-01,"720-739",1,442837,1305,64862239434,0.00294690823034209
"521","2017-Q4",2017-10-01,"740-759",0,708676,1868,126810441590.14,0.00263590131456406
"522","2017-Q4",2017-10-01,"740-759",1,524260,1171,79125290595.23,0.00223362453744325
"523","2017-Q4",2017-10-01,"760-779",0,1048371,1737,190380456039.25,0.00165685620834609
"524","2017-Q4",2017-10-01,"760-779",1,677407,968,106395222956.14,0.00142897844279731
"525","2017-Q4",2017-10-01,"780-799",0,1542752,1405,279146634425.82,0.000910710211362552
"526","2017-Q4",2017-10-01,"780-799",1,880554,722,142629724357.62,0.000819938356988896
"527","2017-Q4",2017-10-01,"800-819",0,1275873,758,208442617181.91,0.000594103018090359
"528","2017-Q4",2017-10-01,"800-819",1,683987,325,105210346558.64,0.000475155229558456
"529","2018-Q1",2018-01-01,"<640",0,56710,393,8059008464.12,0.0069299947099277
"530","2018-Q1",2018-01-01,"<640",1,65344,248,7324549948.65,0.00379529872673849
"531","2018-Q1",2018-01-01,">820",0,62833,9,8709468102.61,0.000143236834147661
"532","2018-Q1",2018-01-01,">820",1,26028,0,3744690569.47,0
"533","2018-Q1",2018-01-01,"640-659",0,110195,677,16109351202.86,0.0061436544307818
"534","2018-Q1",2018-01-01,"640-659",1,116008,384,13578111980.17,0.00331011654368664
"535","2018-Q1",2018-01-01,"660-679",0,197504,854,30312933719.74,0.00432396305897602
"536","2018-Q1",2018-01-01,"660-679",1,184511,405,23209115061.1,0.00219499108454239
"537","2018-Q1",2018-01-01,"680-699",0,320897,977,52199681102.38,0.003044590631885
"538","2018-Q1",2018-01-01,"680-699",1,294668,430,40696195678.32,0.00145926941507052
"539","2018-Q1",2018-01-01,"700-719",0,442660,879,75948923134.52,0.00198572267654633
"540","2018-Q1",2018-01-01,"700-719",1,392287,355,57274310443.02,0.000904949692444562
"541","2018-Q1",2018-01-01,"720-739",0,551086,725,97394443547.22,0.00131558413750304
"542","2018-Q1",2018-01-01,"720-739",1,453162,295,68061680069.14,0.000650981326766145
"543","2018-Q1",2018-01-01,"740-759",0,728579,666,130423019053.52,0.000914108147503565
"544","2018-Q1",2018-01-01,"740-759",1,533852,219,82427810526.67,0.000410226055161356
"545","2018-Q1",2018-01-01,"760-779",0,1072736,563,194519632771.09,0.000524826238701787
"546","2018-Q1",2018-01-01,"760-779",1,684448,210,110585934173.5,0.000306816587965777
"547","2018-Q1",2018-01-01,"780-799",0,1573970,442,284214432478.45,0.000280818567062905
"548","2018-Q1",2018-01-01,"780-799",1,881552,158,147377949490.8,0.000179229359130261
"549","2018-Q1",2018-01-01,"800-819",0,1298048,273,211667273112.15,0.000210315797258653
"550","2018-Q1",2018-01-01,"800-819",1,679435,70,108360941570.86,0.000103026779603641
"551","2018-Q2",2018-04-01,"<640",0,59803,420,8579848446.82,0.00702305904386068
"552","2018-Q2",2018-04-01,"<640",1,68494,273,8006289921.32,0.00398575057669285
"553","2018-Q2",2018-04-01,">820",0,63173,8,8746236860.27,0.000126636379465911
"554","2018-Q2",2018-04-01,">820",1,25446,5,3793608861.62,0.000196494537451859
"555","2018-Q2",2018-04-01,"640-659",0,115296,619,16975602030.57,0.0053687898973078
"556","2018-Q2",2018-04-01,"640-659",1,120672,378,14702294628.88,0.00313245823389021
"557","2018-Q2",2018-04-01,"660-679",0,205324,854,31703303153.39,0.00415927996727124
"558","2018-Q2",2018-04-01,"660-679",1,189639,360,24862601590.8,0.001898343695126
"559","2018-Q2",2018-04-01,"680-699",0,333626,891,54709736300.62,0.00267065516476534
"560","2018-Q2",2018-04-01,"680-699",1,300427,388,43073244081.35,0.00129149510530012
"561","2018-Q2",2018-04-01,"700-719",0,458478,801,79196483478.21,0.00174708492010522
"562","2018-Q2",2018-04-01,"700-719",1,399646,293,60443643316.25,0.000733148836720498
"563","2018-Q2",2018-04-01,"720-739",0,568628,694,100938355464.15,0.00122048158022468
"564","2018-Q2",2018-04-01,"720-739",1,460754,254,71561487646.54,0.000551270309102037
"565","2018-Q2",2018-04-01,"740-759",0,747501,593,134271601461.05,0.00079330997550505
"566","2018-Q2",2018-04-01,"740-759",1,540984,157,86140167155.68,0.000290211910148914
"567","2018-Q2",2018-04-01,"760-779",0,1095969,481,199122637248.3,0.00043888102674437
"568","2018-Q2",2018-04-01,"760-779",1,685979,138,114125389126.21,0.000201172339094929
"569","2018-Q2",2018-04-01,"780-799",0,1600489,333,289179849225.26,0.000208061411231192
"570","2018-Q2",2018-04-01,"780-799",1,875978,103,151136763578.05,0.000117582861670042
"571","2018-Q2",2018-04-01,"800-819",0,1315657,223,214673568506.9,0.000169497064964501
"572","2018-Q2",2018-04-01,"800-819",1,673137,64,110738745645.41,9.50772279639954e-05
"573","2018-Q3",2018-07-01,"<640",0,64036,542,9314873553.47,0.00846398900618402
"574","2018-Q3",2018-07-01,"<640",1,70719,297,8498582623.72,0.00419972001866542
"575","2018-Q3",2018-07-01,">820",0,64985,11,9047540103.99,0.000169269831499577
"576","2018-Q3",2018-07-01,">820",1,23763,0,3534705203.51,0
"577","2018-Q3",2018-07-01,"640-659",0,122715,810,18290181302.42,0.0066006600660066
"578","2018-Q3",2018-07-01,"640-659",1,124060,457,15453678817.94,0.00368370143478962
"579","2018-Q3",2018-07-01,"660-679",0,217718,949,34028450759.73,0.00435884952093993
"580","2018-Q3",2018-07-01,"660-679",1,192298,469,25611786339.86,0.00243892292171525
"581","2018-Q3",2018-07-01,"680-699",0,354702,1008,58952324116.58,0.00284182214929716
"582","2018-Q3",2018-07-01,"680-699",1,302595,469,43898351668.84,0.00154992646937325
"583","2018-Q3",2018-07-01,"700-719",0,486521,984,85057847836.22,0.00202252317988329
"584","2018-Q3",2018-07-01,"700-719",1,400962,362,61386891071.26,0.000902828696983754
"585","2018-Q3",2018-07-01,"720-739",0,601692,723,107970153310.88,0.00120161145569494
"586","2018-Q3",2018-07-01,"720-739",1,459556,255,72118717111.64,0.000554883409203666
"587","2018-Q3",2018-07-01,"740-759",0,786800,671,142613480392.38,0.000852821555668531
"588","2018-Q3",2018-07-01,"740-759",1,537527,191,85931578246.8,0.000355330988024788
"589","2018-Q3",2018-07-01,"760-779",0,1146368,543,209946687186.13,0.00047366988610987
"590","2018-Q3",2018-07-01,"760-779",1,674096,144,112011013363.86,0.000213619425126391
"591","2018-Q3",2018-07-01,"780-799",0,1667255,421,303434452352.72,0.000252510863665126
"592","2018-Q3",2018-07-01,"780-799",1,849792,95,145510770797.4,0.000111792062057539
"593","2018-Q3",2018-07-01,"800-819",0,1369844,264,225465751783.39,0.000192722674990729
"594","2018-Q3",2018-07-01,"800-819",1,643572,49,104767071118.25,7.61375572585507e-05
"595","2018-Q4",2018-10-01,"<640",0,68905,581,10175675730.37,0.00843189899136492
"596","2018-Q4",2018-10-01,"<640",1,71947,415,8650133499.97,0.00576813487706228
"597","2018-Q4",2018-10-01,">820",0,68502,10,9721783421.51,0.000145981139236811
"598","2018-Q4",2018-10-01,">820",1,20230,1,2851241059.38,4.94315373208107e-05
"599","2018-Q4",2018-10-01,"640-659",0,131709,936,19929892005.85,0.00710657586041956
"600","2018-Q4",2018-10-01,"640-659",1,124464,579,15522971224.99,0.00465194755109911
"601","2018-Q4",2018-10-01,"660-679",0,232995,1117,36918937908.52,0.00479409429386897
"602","2018-Q4",2018-10-01,"660-679",1,190585,558,25275624211.37,0.00292782747855288
"603","2018-Q4",2018-10-01,"680-699",0,381426,1209,64412917601.26,0.00316968429000645
"604","2018-Q4",2018-10-01,"680-699",1,297356,586,42575548325.16,0.00197070178506571
"605","2018-Q4",2018-10-01,"700-719",0,523883,1053,93059404615.7,0.00200999078038417
"606","2018-Q4",2018-10-01,"700-719",1,389832,437,58933162759.79,0.00112099571097293
"607","2018-Q4",2018-10-01,"720-739",0,648495,861,118206087329.61,0.00132768949644947
"608","2018-Q4",2018-10-01,"720-739",1,442300,314,68213251887.83,0.000709925390006783
"609","2018-Q4",2018-10-01,"740-759",0,844980,730,155611340494.38,0.000863925773391086
"610","2018-Q4",2018-10-01,"740-759",1,511198,262,79730962759.68,0.000512521566985786
"611","2018-Q4",2018-10-01,"760-779",0,1226685,578,228082138632.92,0.00047118860995284
"612","2018-Q4",2018-10-01,"760-779",1,626992,168,101006246831.14,0.000267946002500829
"613","2018-Q4",2018-10-01,"780-799",0,1777876,491,328453604336.35,0.000276172241483658
"614","2018-Q4",2018-10-01,"780-799",1,772234,127,127170722870.24,0.000164457923375557
"615","2018-Q4",2018-10-01,"800-819",0,1460596,287,244889919982.59,0.000196495129385539
"616","2018-Q4",2018-10-01,"800-819",1,570817,66,88266165445.49,0.000115623746314493
"617","2019-Q1",2019-01-01,"<640",0,73368,451,10962684745.48,0.00614709410097045
"618","2019-Q1",2019-01-01,"<640",1,70045,317,8875227844.86,0.00452566207438076
"619","2019-Q1",2019-01-01,">820",0,71257,15,10218590307.58,0.000210505634534151
"620","2019-Q1",2019-01-01,">820",1,16719,1,2353300435.65,5.98121897242658e-05
"621","2019-Q1",2019-01-01,"640-659",0,140134,804,21425468578.66,0.00573736566429275
"622","2019-Q1",2019-01-01,"640-659",1,120045,445,15762611177.67,0.00370694322962223
"623","2019-Q1",2019-01-01,"660-679",0,246947,1004,39503900281.08,0.00406564971431117
"624","2019-Q1",2019-01-01,"660-679",1,182305,479,25187153001.85,0.00262746496256274
"625","2019-Q1",2019-01-01,"680-699",0,405781,1083,69314786832.75,0.00266892732779504
"626","2019-Q1",2019-01-01,"680-699",1,283889,499,41912155294.96,0.00175772925333493
"627","2019-Q1",2019-01-01,"700-719",0,557562,986,100094842904.69,0.00176841319889089
"628","2019-Q1",2019-01-01,"700-719",1,369975,388,57579030016.31,0.00104871950807487
"629","2019-Q1",2019-01-01,"720-739",0,688033,783,126626892763.23,0.00113802680976058
"630","2019-Q1",2019-01-01,"720-739",1,417609,283,66068051051.2,0.000677667387436573
"631","2019-Q1",2019-01-01,"740-759",0,892283,621,165751539647.97,0.000695967534963683
"632","2019-Q1",2019-01-01,"740-759",1,479608,218,76664459436.83,0.000454537872595953
"633","2019-Q1",2019-01-01,"760-779",0,1288508,595,241417199720.61,0.000461774393329339
"634","2019-Q1",2019-01-01,"760-779",1,577567,161,95083338045.89,0.000278755538318498
"635","2019-Q1",2019-01-01,"780-799",0,1862009,456,346607482464.73,0.000244896775472084
"636","2019-Q1",2019-01-01,"780-799",1,694289,105,116167653183.13,0.000151233852185473
"637","2019-Q1",2019-01-01,"800-819",0,1527952,272,258511274212.62,0.000178016063331832
"638","2019-Q1",2019-01-01,"800-819",1,501306,67,78829451261.36,0.000133650903839172
"639","2019-Q2",2019-04-01,"<640",0,76480,611,11441050055.69,0.00798901673640167
"640","2019-Q2",2019-04-01,"<640",1,67380,429,9187744043.41,0.00636687444345503
"641","2019-Q2",2019-04-01,">820",0,71104,17,10152425178.77,0.000239086408640864
"642","2019-Q2",2019-04-01,">820",1,16141,2,2305617980.16,0.000123908060219317
"643","2019-Q2",2019-04-01,"640-659",0,145778,884,22275905976.48,0.00606401514631837
"644","2019-Q2",2019-04-01,"640-659",1,115022,536,16158205518.11,0.00465997809114778
"645","2019-Q2",2019-04-01,"660-679",0,254439,1081,40659016576.14,0.00424856252382693
"646","2019-Q2",2019-04-01,"660-679",1,175439,540,25550564505.84,0.00307799292061628
"647","2019-Q2",2019-04-01,"680-699",0,417045,1173,71137390375.21,0.00281264611732547
"648","2019-Q2",2019-04-01,"680-699",1,276736,589,42545728815.08,0.00212838228492137
"649","2019-Q2",2019-04-01,"700-719",0,571906,989,102495283710.07,0.0017293051655342
"650","2019-Q2",2019-04-01,"700-719",1,361875,417,57980563686.08,0.00115233160621762
"651","2019-Q2",2019-04-01,"720-739",0,702477,816,129013676878.31,0.00116160386745758
"652","2019-Q2",2019-04-01,"720-739",1,410241,354,66538466610.33,0.000862907412959699
"653","2019-Q2",2019-04-01,"740-759",0,906901,728,167905027990.14,0.000802733705222511
"654","2019-Q2",2019-04-01,"740-759",1,472395,220,77435986382.52,0.0004657119571545
"655","2019-Q2",2019-04-01,"760-779",0,1303289,543,243212790118.17,0.000416638213013384
"656","2019-Q2",2019-04-01,"760-779",1,564904,168,95195224056.56,0.000297395663687989
"657","2019-Q2",2019-04-01,"780-799",0,1875125,423,347424958132.56,0.0002255849610026
"658","2019-Q2",2019-04-01,"780-799",1,675996,84,115558089870.22,0.000124261090302309
"659","2019-Q2",2019-04-01,"800-819",0,1535395,242,258649058272.75,0.000157614164433257
"660","2019-Q2",2019-04-01,"800-819",1,487116,45,78089619813.35,9.23804596851674e-05
"661","2019-Q3",2019-07-01,"<640",0,80010,704,12010223423.91,0.00879890013748282
"662","2019-Q3",2019-07-01,"<640",1,63560,466,10152215074.38,0.00733165512901196
"663","2019-Q3",2019-07-01,">820",0,71266,13,10144585602.76,0.000182415176942722
"664","2019-Q3",2019-07-01,">820",1,15821,1,2618404330.49,6.32071297642374e-05
"665","2019-Q3",2019-07-01,"640-659",0,152358,1054,23313893715.34,0.00691791701124982
"666","2019-Q3",2019-07-01,"640-659",1,108836,637,17819914342.4,0.00585284280936455
"667","2019-Q3",2019-07-01,"660-679",0,263263,1334,42048150147.32,0.00506717616983777
"668","2019-Q3",2019-07-01,"660-679",1,167229,645,28273982456.32,0.00385698652745636
"669","2019-Q3",2019-07-01,"680-699",0,430046,1324,73334191268.62,0.0030787404138162
"670","2019-Q3",2019-07-01,"680-699",1,268764,648,48373298854.53,0.00241103719248114
"671","2019-Q3",2019-07-01,"700-719",0,588471,1184,105281714507.43,0.00201199379408671
"672","2019-Q3",2019-07-01,"700-719",1,353331,539,66020807634.91,0.00152548177204944
"673","2019-Q3",2019-07-01,"720-739",0,720290,943,131971123096.76,0.00130919490760666
"674","2019-Q3",2019-07-01,"720-739",1,403874,392,76388599858.34,0.000970599741503538
"675","2019-Q3",2019-07-01,"740-759",0,924294,811,170626328996.56,0.000877426446563539
"676","2019-Q3",2019-07-01,"740-759",1,468951,250,90098663766.14,0.00053310473802167
"677","2019-Q3",2019-07-01,"760-779",0,1322082,625,245930473928.02,0.000472739209822084
"678","2019-Q3",2019-07-01,"760-779",1,556680,182,109404243181.2,0.000326938276927499
"679","2019-Q3",2019-07-01,"780-799",0,1895117,444,349918803553.75,0.000234286326385126
"680","2019-Q3",2019-07-01,"780-799",1,660188,108,130640754538.19,0.00016358976533957
"681","2019-Q3",2019-07-01,"800-819",0,1552421,284,260717407575.5,0.000182940065871307
"682","2019-Q3",2019-07-01,"800-819",1,473507,55,87754910146.53,0.000116154565824792
"683","2019-Q4",2019-10-01,"<640",0,84108,742,12699420645.53,0.00882199077376706
"684","2019-Q4",2019-10-01,"<640",1,58940,493,10442462254.48,0.00836443841194435
"685","2019-Q4",2019-10-01,">820",0,71480,9,10157251512.68,0.000125909345271405
"686","2019-Q4",2019-10-01,">820",1,16484,3,3107745561.94,0.00018199466148993
"687","2019-Q4",2019-10-01,"640-659",0,159067,1168,24408347649.89,0.00734281780633318
"688","2019-Q4",2019-10-01,"640-659",1,101916,655,18612053368.83,0.00642686133678716
"689","2019-Q4",2019-10-01,"660-679",0,272644,1400,43598911790.3,0.00513490118982996
"690","2019-Q4",2019-10-01,"660-679",1,157805,677,29911643984.72,0.00429010487627135
"691","2019-Q4",2019-10-01,"680-699",0,443849,1482,75811343099.19,0.00333897338959871
"692","2019-Q4",2019-10-01,"680-699",1,262776,657,53751449788.33,0.00250022833135446
"693","2019-Q4",2019-10-01,"700-719",0,605744,1333,108339522631.48,0.0022005995932275
"694","2019-Q4",2019-10-01,"700-719",1,352476,567,74962087693.69,0.00160862016137269
"695","2019-Q4",2019-10-01,"720-739",0,739991,1061,135450460451.71,0.00143380122190675
"696","2019-Q4",2019-10-01,"720-739",1,407512,399,87875401423.18,0.00097911227154047
"697","2019-Q4",2019-10-01,"740-759",0,945607,841,174276430477.12,0.00088937581891843
"698","2019-Q4",2019-10-01,"740-759",1,481896,287,106238922328.54,0.000595564188123578
"699","2019-Q4",2019-10-01,"760-779",0,1343639,729,249347795272.73,0.000542556445592901
"700","2019-Q4",2019-10-01,"760-779",1,577050,210,129601148732.98,0.000363919937613725
"701","2019-Q4",2019-10-01,"780-799",0,1918034,540,353180981014.59,0.000281538283471513
"702","2019-Q4",2019-10-01,"780-799",1,681770,123,153650689124.95,0.000180412749167608
"703","2019-Q4",2019-10-01,"800-819",0,1567902,320,262819847137.57,0.000204094388552346
"704","2019-Q4",2019-10-01,"800-819",1,486974,65,102493873190.52,0.000133477351973617
"705","2020-Q1",2020-01-01,"<640",0,88211,802,13346193065.08,0.00909183661901577
"706","2020-Q1",2020-01-01,"<640",1,54928,429,10538185201.22,0.00781022429362074
"707","2020-Q1",2020-01-01,">820",0,71114,18,10017669445.43,0.000253114717214613
"708","2020-Q1",2020-01-01,">820",1,17368,0,3679041144.45,0
"709","2020-Q1",2020-01-01,"640-659",0,165503,1212,25396553543.29,0.00732313009431853
"710","2020-Q1",2020-01-01,"640-659",1,95682,599,19010253898.91,0.00626032064547146
"711","2020-Q1",2020-01-01,"660-679",0,280115,1563,44682457159.81,0.00557985113257055
"712","2020-Q1",2020-01-01,"660-679",1,149691,645,31006049582.84,0.0043088762851474
"713","2020-Q1",2020-01-01,"680-699",0,453269,1688,77095712629.52,0.00372405789939308
"714","2020-Q1",2020-01-01,"680-699",1,258072,667,58168336907.07,0.00258455004804861
"715","2020-Q1",2020-01-01,"700-719",0,615923,1617,109483208745.86,0.00262532816602075
"716","2020-Q1",2020-01-01,"700-719",1,351669,526,82652067630.37,0.00149572467291686
"717","2020-Q1",2020-01-01,"720-739",0,749084,1208,136073940149.52,0.00161263623305263
"718","2020-Q1",2020-01-01,"720-739",1,410933,438,98340512625.7,0.00106586718516157
"719","2020-Q1",2020-01-01,"740-759",0,951707,942,173930969998.98,0.0009898004322759
"720","2020-Q1",2020-01-01,"740-759",1,492560,305,120825422786.19,0.000619213902874777
"721","2020-Q1",2020-01-01,"760-779",0,1341908,724,246431600402.86,0.000539530280764404
"722","2020-Q1",2020-01-01,"760-779",1,594944,202,148785007076.58,0.000339527753872633
"723","2020-Q1",2020-01-01,"780-799",0,1905678,628,346750429625,0.000329541507012202
"724","2020-Q1",2020-01-01,"780-799",1,702004,146,176437107799.17,0.000207976022928644
"725","2020-Q1",2020-01-01,"800-819",0,1559572,349,258498657161.21,0.000223779344589413
"726","2020-Q1",2020-01-01,"800-819",1,500669,83,117872492553.96,0.000165778188783408
